{
    "random_forest": {
        "mse": 0.011993443248464618,
        "rmse": 0.10951458007253928,
        "r2": 0.5576148292388168
    },
    "gradient_boosting": {
        "mse": 0.008488365882191125,
        "rmse": 0.09213232810578013,
        "r2": 0.6869016584743295
    }
}